fecha,dow,dia_semana,anio_mes,es_habil,feriado,tc_ars_por_usd,fuente_tc,dia_mes,fecha_num
2026-01-01,4,Jue,2026-01,f,Año nuevo,1485.9,API MEP (argdatos_bolsa),01/01,20260101
2026-01-02,5,Vie,2026-01,t,,1507.8,API MEP (argdatos_bolsa),02/01,20260102
2026-01-03,6,Sáb,2026-01,f,,1507.8,API MEP (argdatos_bolsa),03/01,20260103
2026-01-04,7,Dom,2026-01,f,,1507.8,API MEP (argdatos_bolsa),04/01,20260104
2026-01-05,1,Lun,2026-01,t,,1501.8,API MEP (argdatos_bolsa),05/01,20260105
2026-01-06,2,Mar,2026-01,t,,1500.1,API MEP (argdatos_bolsa),06/01,20260106
2026-01-07,3,Mié,2026-01,t,,1498.7,API MEP (argdatos_bolsa),07/01,20260107
2026-01-08,4,Jue,2026-01,t,,1496.6,API MEP (argdatos_bolsa),08/01,20260108
2026-01-09,5,Vie,2026-01,t,,1493.5,API MEP (argdatos_bolsa),09/01,20260109
2026-01-10,6,Sáb,2026-01,f,,1493.5,API MEP (argdatos_bolsa),10/01,20260110
2026-01-11,7,Dom,2026-01,f,,1493.5,API MEP (argdatos_bolsa),11/01,20260111
2026-01-12,1,Lun,2026-01,t,,1491.0,API MEP (argdatos_bolsa),12/01,20260112
2026-01-13,2,Mar,2026-01,t,,1490.6,API MEP (argdatos_bolsa),13/01,20260113
2026-01-14,3,Mié,2026-01,t,,1482.7,API MEP (argdatos_bolsa),14/01,20260114
2026-01-15,4,Jue,2026-01,t,,1474.7,API MEP (argdatos_bolsa),15/01,20260115
2026-01-16,5,Vie,2026-01,t,,1476.1,API MEP (argdatos_bolsa),16/01,20260116
2026-01-17,6,Sáb,2026-01,f,,1476.1,API MEP (argdatos_bolsa),17/01,20260117
2026-01-18,7,Dom,2026-01,f,,1476.1,API MEP (argdatos_bolsa),18/01,20260118
2026-01-19,1,Lun,2026-01,t,,1471.3,API MEP (argdatos_bolsa),19/01,20260119
2026-01-20,2,Mar,2026-01,t,,1472.9,API MEP (argdatos_bolsa),20/01,20260120
2026-01-21,3,Mié,2026-01,t,,1466.9,API MEP (argdatos_bolsa),21/01,20260121
2026-01-22,4,Jue,2026-01,t,,1460.7,API MEP (argdatos_bolsa),22/01,20260122
2026-01-23,5,Vie,2026-01,t,,1471.9,API MEP (argdatos_bolsa),23/01,20260123
2026-01-24,6,Sáb,2026-01,f,,1471.9,API MEP (argdatos_bolsa),24/01,20260124
2026-01-25,7,Dom,2026-01,f,,1471.9,API MEP (argdatos_bolsa),25/01,20260125
2026-01-26,1,Lun,2026-01,t,,1470.9,API MEP (argdatos_bolsa),26/01,20260126
2026-01-27,2,Mar,2026-01,t,,1465.8,API MEP (argdatos_bolsa),27/01,20260127
2026-01-28,3,Mié,2026-01,t,,1465.7,API MEP (argdatos_bolsa),28/01,20260128
2026-01-29,4,Jue,2026-01,t,,1460.9,API MEP (argdatos_bolsa),29/01,20260129
2026-01-30,5,Vie,2026-01,t,,1464.6,API MEP (argdatos_bolsa),30/01,20260130
2026-01-31,6,Sáb,2026-01,f,,1464.6,API MEP (argdatos_bolsa),31/01,20260131
2026-02-01,7,Dom,2026-02,f,,1464.6,API MEP (argdatos_bolsa),01/02,20260201
2026-02-02,1,Lun,2026-02,t,,1464.6,API MEP (argdatos_bolsa),02/02,20260202
2026-02-03,2,Mar,2026-02,t,,1464.9,API MEP (argdatos_bolsa),03/02,20260203
2026-02-04,3,Mié,2026-02,t,,1459.7,API MEP (argdatos_bolsa),04/02,20260204
2026-02-05,4,Jue,2026-02,t,,1466.1,API MEP (argdatos_bolsa),05/02,20260205
2026-02-06,5,Vie,2026-02,t,,1448.7,API MEP (argdatos_bolsa),06/02,20260206
2026-02-07,6,Sáb,2026-02,f,,1448.7,API MEP (argdatos_bolsa),07/02,20260207
2026-02-08,7,Dom,2026-02,f,,1448.7,API MEP (argdatos_bolsa),08/02,20260208
2026-02-09,1,Lun,2026-02,t,,1440.6,API MEP (argdatos_bolsa),09/02,20260209
2026-02-10,2,Mar,2026-02,t,,1439.1,API MEP (argdatos_bolsa),10/02,20260210
2026-02-11,3,Mié,2026-02,t,,1433.3,API MEP (argdatos_bolsa),11/02,20260211
2026-02-12,4,Jue,2026-02,t,,1421.3,API MEP (argdatos_bolsa),12/02,20260212
2026-02-13,5,Vie,2026-02,t,,1426.0,API MEP (argdatos_bolsa),13/02,20260213
2026-02-14,6,Sáb,2026-02,f,,1426.0,API MEP (argdatos_bolsa),14/02,20260214
2026-02-15,7,Dom,2026-02,f,,1426.0,API MEP (argdatos_bolsa),15/02,20260215
2026-02-16,1,Lun,2026-02,f,Carnaval,1426.0,API MEP (argdatos_bolsa),16/02,20260216
2026-02-17,2,Mar,2026-02,f,Carnaval,1426.0,API MEP (argdatos_bolsa),17/02,20260217
2026-02-18,3,Mié,2026-02,t,,1414.0,API MEP (argdatos_bolsa),18/02,20260218
2026-02-19,4,Jue,2026-02,t,,1410.8,API MEP (argdatos_bolsa),19/02,20260219
2026-02-20,5,Vie,2026-02,t,,1404.3,API MEP (argdatos_bolsa),20/02,20260220
2026-02-21,6,Sáb,2026-02,f,,1404.3,API MEP (argdatos_bolsa),21/02,20260221
2026-02-22,7,Dom,2026-02,f,,1404.3,API MEP (argdatos_bolsa),22/02,20260222
2026-02-23,1,Lun,2026-02,t,,1396.5,API MEP (argdatos_bolsa),23/02,20260223
2026-02-24,2,Mar,2026-02,t,,1406.6,API MEP (argdatos_bolsa),24/02,20260224
2026-02-25,3,Mié,2026-02,t,,1428.7,API MEP (argdatos_bolsa),25/02,20260225
2026-02-26,4,Jue,2026-02,t,,1437.3,API MEP (argdatos_bolsa),26/02,20260226
2026-02-27,5,Vie,2026-02,t,,1427.4,API MEP (argdatos_bolsa),27/02,20260227
2026-02-28,6,Sáb,2026-02,f,,1427.4,API MEP (argdatos_bolsa),28/02,20260228
2026-03-01,7,Dom,2026-03,f,,1427.4,API MEP (argdatos_bolsa),01/03,20260301
2026-03-02,1,Lun,2026-03,t,,1420.6,API MEP (argdatos_bolsa),02/03,20260302
2026-03-03,2,Mar,2026-03,t,,1439.9,API MEP (argdatos_bolsa),03/03,20260303
2026-03-04,3,Mié,2026-03,t,,1429.9,API MEP (argdatos_bolsa),04/03,20260304
2026-03-05,4,Jue,2026-03,t,,1437.1,API MEP (argdatos_bolsa),05/03,20260305
2026-03-06,5,Vie,2026-03,t,,1439.5,API MEP (argdatos_bolsa),06/03,20260306
2026-03-07,6,Sáb,2026-03,f,,1439.5,API MEP (argdatos_bolsa),07/03,20260307
2026-03-08,7,Dom,2026-03,f,,1439.5,API MEP (argdatos_bolsa),08/03,20260308
2026-03-09,1,Lun,2026-03,t,,1432.2,API MEP (argdatos_bolsa),09/03,20260309
2026-03-10,2,Mar,2026-03,t,,1422.8,API MEP (argdatos_bolsa),10/03,20260310
2026-03-11,3,Mié,2026-03,t,,1414.7,API MEP (argdatos_bolsa),11/03,20260311
2026-03-12,4,Jue,2026-03,t,,1424.2,API MEP (argdatos_bolsa),12/03,20260312
2026-03-13,5,Vie,2026-03,t,,1427.2,API MEP (argdatos_bolsa),13/03,20260313
2026-03-14,6,Sáb,2026-03,f,,1427.2,API MEP (argdatos_bolsa),14/03,20260314
2026-03-15,7,Dom,2026-03,f,,1427.2,API MEP (argdatos_bolsa),15/03,20260315
2026-03-16,1,Lun,2026-03,t,,1426.4,API MEP (argdatos_bolsa),16/03,20260316
2026-03-17,2,Mar,2026-03,t,,1421.9,API MEP (argdatos_bolsa),17/03,20260317
2026-03-18,3,Mié,2026-03,t,,1427.1,API MEP (argdatos_bolsa),18/03,20260318
2026-03-19,4,Jue,2026-03,t,,1423.1,API MEP (argdatos_bolsa),19/03,20260319
2026-03-20,5,Vie,2026-03,t,,1428.3,API MEP (argdatos_bolsa),20/03,20260320
2026-03-21,6,Sáb,2026-03,f,,1428.3,API MEP (argdatos_bolsa),21/03,20260321
2026-03-22,7,Dom,2026-03,f,,1428.3,API MEP (argdatos_bolsa),22/03,20260322
2026-03-23,1,Lun,2026-03,f,Puente turístico no laborable,1420.9,API MEP (argdatos_bolsa),23/03,20260323
2026-03-24,2,Mar,2026-03,f,Día Nacional de la Memoria por la Verdad y la Justicia,1420.9,API MEP (argdatos_bolsa),24/03,20260324
2026-03-25,3,Mié,2026-03,t,,1410.1,API MEP (argdatos_bolsa),25/03,20260325
2026-03-26,4,Jue,2026-03,t,,1401.9,API MEP (argdatos_bolsa),26/03,20260326
2026-03-27,5,Vie,2026-03,t,,1431.1,API MEP (argdatos_bolsa),27/03,20260327
2026-03-28,6,Sáb,2026-03,f,,1431.1,API MEP (argdatos_bolsa),28/03,20260328
2026-03-29,7,Dom,2026-03,f,,1431.1,API MEP (argdatos_bolsa),29/03,20260329
2026-03-30,1,Lun,2026-03,t,,1436.5,API MEP (argdatos_bolsa),30/03,20260330
2026-03-31,2,Mar,2026-03,t,,1430.8,API MEP (argdatos_bolsa),31/03,20260331
