id_cliente,mes_orden,mes,ops
CLI0C75994A,1,Enero,0
CLI0C75994A,2,Febrero,4
CLI0C75994A,3,Marzo (al 13),7
CLI3EEDE03E,1,Enero,1
CLI3EEDE03E,2,Febrero,6
CLI3EEDE03E,3,Marzo (al 13),12
CLI5195F3F2,1,Enero,1
CLI5195F3F2,2,Febrero,5
CLI5195F3F2,3,Marzo (al 13),6
CLI736B84E1,1,Enero,1
CLI736B84E1,2,Febrero,7
CLI736B84E1,3,Marzo (al 13),6
CLI7AA4AB54,1,Enero,1
CLI7AA4AB54,2,Febrero,10
CLI7AA4AB54,3,Marzo (al 13),2
CLI9EBD6800,1,Enero,1
CLI9EBD6800,2,Febrero,7
CLI9EBD6800,3,Marzo (al 13),5
CLIBDBEB632,1,Enero,0
CLIBDBEB632,2,Febrero,40
CLIBDBEB632,3,Marzo (al 13),242
CLIE21D339C,1,Enero,0
CLIE21D339C,2,Febrero,0
CLIE21D339C,3,Marzo (al 13),16
CLIE860C717,1,Enero,1
CLIE860C717,2,Febrero,12
CLIE860C717,3,Marzo (al 13),5
CLIF26D247F,1,Enero,0
CLIF26D247F,2,Febrero,7
CLIF26D247F,3,Marzo (al 13),9
CLIF6EE4C10,1,Enero,0
CLIF6EE4C10,2,Febrero,13
CLIF6EE4C10,3,Marzo (al 13),2
CLIFB6204E7,1,Enero,2
CLIFB6204E7,2,Febrero,16
CLIFB6204E7,3,Marzo (al 13),6
