id_cliente,fecha,canal,tipo_tran,simbolo_titulo,cantidad,precio,precio_mediana_dia,ratio_vs_mercado,diferencia_ars_mill
CLI74090760,2026-01-06,IOLnet,Compra,T13F6,331012551,0.010000,1.4055,0.0071,461.93
CLIEFAFE73D,2026-01-07,IOLnet,Compra,TGNO4,38077,0.999900,4582.4922,0.0002,174.45
CLIEFAFE73D,2026-01-07,IOLnet,Compra,METR,40351,0.999700,2440.9238,0.0004,98.45
CLIBE39D16C,2026-02-20,IOLnet,Compra,SATL,930,1.004600,5360.7606,0.0002,4.98
CLIC19D5B54,2026-03-07,IOLnet,Venta,AL30,426,0.010000,864.6275,0.0000,0.37
CLI65B4A2A4,2026-03-03,IOLnet,Venta,YPFD,11,23074.336200,52271.0983,0.4414,0.32
CLICD7E98E4,2026-02-10,Sitio Web Desktop,Venta,BHIP,489,134.612300,481.7090,0.2794,0.17
CLI3ADFB136,2026-02-20,IOLnet,Compra,BHIP,192,134.545600,436.7185,0.3081,0.06
CLI2B5FD66A,2026-02-10,Sitio Web Desktop,Compra,BHIP,88,138.272600,481.7090,0.2870,0.03
CLI2B5FD66A,2026-01-07,Sitio Web Desktop,Compra,COME,68,25.110400,59.3494,0.4231,0.00
CLI2B5FD66A,2026-02-12,Sitio Web Desktop,Venta,COME,53,24.945800,51.9823,0.4799,0.00
CLI2B5FD66A,2026-01-16,Sitio Web Desktop,Compra,COME,48,24.826500,50.5854,0.4908,0.00
CLI47EE1F3A,2026-01-08,Sitio Web Desktop,Compra,COME,11,24.970700,56.3525,0.4431,0.00
