fecha,compra,venta,fuente
2025-12-15,1489.0,1496.4,argdatos_bolsa
2025-12-16,1499.5,1501.5,argdatos_bolsa
2025-12-17,1499.5,1501.5,argdatos_bolsa
2025-12-18,1499.5,1501.5,argdatos_bolsa
2025-12-19,1499.5,1501.5,argdatos_bolsa
2025-12-20,1499.5,1501.5,argdatos_bolsa
2025-12-21,1499.5,1501.5,argdatos_bolsa
2025-12-22,1499.5,1501.5,argdatos_bolsa
2025-12-23,1499.5,1501.5,argdatos_bolsa
2025-12-24,1499.5,1501.5,argdatos_bolsa
2025-12-25,1499.5,1501.5,argdatos_bolsa
2025-12-26,1499.5,1501.5,argdatos_bolsa
2025-12-27,1499.5,1501.5,argdatos_bolsa
2025-12-28,1499.5,1501.5,argdatos_bolsa
2025-12-29,1499.5,1501.5,argdatos_bolsa
2025-12-30,1499.5,1501.5,argdatos_bolsa
2025-12-31,1499.5,1501.5,argdatos_bolsa
2026-01-01,1481.4,1485.9,argdatos_bolsa
2026-01-02,1498.8,1507.8,argdatos_bolsa
2026-01-03,1498.8,1507.8,argdatos_bolsa
2026-01-04,1498.8,1507.8,argdatos_bolsa
2026-01-05,1499.3,1501.8,argdatos_bolsa
2026-01-06,1495.4,1500.1,argdatos_bolsa
2026-01-07,1494.2,1498.7,argdatos_bolsa
2026-01-08,1493.0,1496.6,argdatos_bolsa
2026-01-09,1488.0,1493.5,argdatos_bolsa
2026-01-10,1488.0,1493.5,argdatos_bolsa
2026-01-11,1488.0,1493.5,argdatos_bolsa
2026-01-12,1484.4,1491.0,argdatos_bolsa
2026-01-13,1485.1,1490.6,argdatos_bolsa
2026-01-14,1477.1,1482.7,argdatos_bolsa
2026-01-15,1471.5,1474.7,argdatos_bolsa
2026-01-16,1469.0,1476.1,argdatos_bolsa
2026-01-17,1469.0,1476.1,argdatos_bolsa
2026-01-18,1469.0,1476.1,argdatos_bolsa
2026-01-19,1464.8,1471.3,argdatos_bolsa
2026-01-20,1470.3,1472.9,argdatos_bolsa
2026-01-21,1456.3,1466.9,argdatos_bolsa
2026-01-22,1456.6,1460.7,argdatos_bolsa
2026-01-23,1466.2,1471.9,argdatos_bolsa
2026-01-24,1466.2,1471.9,argdatos_bolsa
2026-01-25,1466.2,1471.9,argdatos_bolsa
2026-01-26,1467.9,1470.9,argdatos_bolsa
2026-01-27,1461.6,1465.8,argdatos_bolsa
2026-01-28,1461.7,1465.7,argdatos_bolsa
2026-01-29,1458.0,1460.9,argdatos_bolsa
2026-01-30,1460.4,1464.6,argdatos_bolsa
2026-01-31,1460.4,1464.6,argdatos_bolsa
2026-02-01,1460.4,1464.6,argdatos_bolsa
2026-02-02,1460.4,1464.6,argdatos_bolsa
2026-02-03,1450.2,1464.9,argdatos_bolsa
2026-02-04,1455.2,1459.7,argdatos_bolsa
2026-02-05,1461.7,1466.1,argdatos_bolsa
2026-02-06,1445.3,1448.7,argdatos_bolsa
2026-02-07,1445.3,1448.7,argdatos_bolsa
2026-02-08,1445.3,1448.7,argdatos_bolsa
2026-02-09,1435.6,1440.6,argdatos_bolsa
2026-02-10,1426.2,1439.1,argdatos_bolsa
2026-02-11,1426.4,1433.3,argdatos_bolsa
2026-02-12,1413.2,1421.3,argdatos_bolsa
2026-02-13,1421.6,1426.0,argdatos_bolsa
2026-02-14,1421.6,1426.0,argdatos_bolsa
2026-02-15,1421.6,1426.0,argdatos_bolsa
2026-02-16,1421.6,1426.0,argdatos_bolsa
2026-02-17,1421.6,1426.0,argdatos_bolsa
2026-02-18,1408.8,1414.0,argdatos_bolsa
2026-02-19,1407.9,1410.8,argdatos_bolsa
2026-02-20,1397.3,1404.3,argdatos_bolsa
2026-02-21,1397.3,1404.3,argdatos_bolsa
2026-02-22,1397.3,1404.3,argdatos_bolsa
2026-02-23,1390.7,1396.5,argdatos_bolsa
2026-02-24,1402.5,1406.6,argdatos_bolsa
2026-02-25,1422.8,1428.7,argdatos_bolsa
2026-02-26,1432.4,1437.3,argdatos_bolsa
2026-02-27,1406.3,1427.4,argdatos_bolsa
2026-02-28,1406.3,1427.4,argdatos_bolsa
2026-03-01,1406.3,1427.4,argdatos_bolsa
2026-03-02,1414.6,1420.6,argdatos_bolsa
2026-03-03,1432.2,1439.9,argdatos_bolsa
2026-03-04,1423.5,1429.9,argdatos_bolsa
2026-03-05,1430.0,1437.1,argdatos_bolsa
2026-03-06,1435.5,1439.5,argdatos_bolsa
2026-03-07,1435.5,1439.5,argdatos_bolsa
2026-03-08,1435.5,1439.5,argdatos_bolsa
2026-03-09,1428.3,1432.2,argdatos_bolsa
2026-03-10,1419.7,1422.8,argdatos_bolsa
2026-03-11,1409.5,1414.7,argdatos_bolsa
2026-03-12,1403.4,1424.2,argdatos_bolsa
2026-03-13,1416.4,1427.2,argdatos_bolsa
2026-03-14,1416.4,1427.2,argdatos_bolsa
2026-03-15,1416.4,1427.2,argdatos_bolsa
2026-03-16,1417.2,1426.4,argdatos_bolsa
2026-03-17,1418.0,1421.9,argdatos_bolsa
2026-03-18,1419.7,1427.1,argdatos_bolsa
2026-03-19,1413.6,1423.1,argdatos_bolsa
2026-03-20,1418.2,1428.3,argdatos_bolsa
2026-03-21,1418.2,1428.3,argdatos_bolsa
2026-03-22,1418.2,1428.3,argdatos_bolsa
2026-03-23,1405.5,1420.9,argdatos_bolsa
2026-03-24,1405.5,1420.9,argdatos_bolsa
2026-03-25,1401.4,1410.1,argdatos_bolsa
2026-03-26,1396.1,1401.9,argdatos_bolsa
2026-03-27,1422.4,1431.1,argdatos_bolsa
2026-03-28,1422.4,1431.1,argdatos_bolsa
2026-03-29,1422.4,1431.1,argdatos_bolsa
2026-03-30,1432.3,1436.5,argdatos_bolsa
2026-03-31,1421.3,1430.8,argdatos_bolsa
